{"cameraMode":{"drawMode":0,"name":"Shaded","section":"Shading Mode"},"sceneLighting":false,"audioPlay":false,"sceneViewState":{"m_AlwaysRefresh":false,"showFog":true,"showSkybox":false,"showFlares":true,"showImageEffects":true,"showParticleSystems":true,"showVisualEffectGraphs":true,"m_FxEnabled":true},"in2DMode":false,"pivot":{"x":-1.5454882383346558,"y":-1.9554167985916138,"z":0.2911229133605957},"rotation":{"x":-0.18072347342967988,"y":0.030086921527981759,"z":-0.005533410701900721,"w":-0.9830566048622131},"size":4.060217380523682,"orthographic":false}