{"cameraMode":{"drawMode":0,"name":"Shaded","section":"Shading Mode"},"sceneLighting":false,"audioPlay":false,"sceneViewState":{"m_AlwaysRefresh":false,"showFog":true,"showSkybox":false,"showFlares":true,"showImageEffects":true,"showParticleSystems":true,"showVisualEffectGraphs":true,"m_FxEnabled":true},"in2DMode":false,"pivot":{"x":0.000431060791015625,"y":-0.3124999403953552,"z":0.00096893310546875},"rotation":{"x":-0.3524928092956543,"y":0.018804214894771577,"z":-0.007086688186973333,"w":-0.9355986714363098},"size":7.077969074249268,"orthographic":false}